employeeId;lastname;firstname;patronymic;birthdate;PositionTypeId;gender;types;
1;Хорошилов;Сергей;Гаврилович;20.12.1997;3;0;1;
2;Констатинова;Валентина;Петровна;10.07.1999;2;1;1;
3;Сергеев;Евгений;Петрович;01.03.1997;4;0;2;
4;Петров;Валентин;Констатинович;21.05.1993;5;0;3;
5;Волошенко;Петр;Борисович;05.04.2002;1;0;3;
6;Иванова;Александра;Сергеевна;15.08.1990;5;1;3;
7;Монгуш;Алексей;Вячеславович;03.03.1993;4;0;3;
8;Сидоров;Виктор;Денисович;02.06.2001;2;0;3;
9;Викторов;Тимур;Викторович;17.03.2000;1;0;3;
10;Миронов;Матвей;Аркадьевич;10.03.2000;2;0;3;
11;Куприянов;Артем;Вячеславович;17.05.1999;3;0;3;
12;Петухов;Борис;Петрович;10.07.1994;4;0;3;
13;Щербакова;Евгения;Борисовна;01.03.1997;5;1;3;
14;Леонов;Сергей;Дмитриевич;21.05.1993;3;0;3;
15;Гордиенко;Мирон;Лаврентьевич;05.04.2002;2;0;1,2,3;